[
  {
    "fecha": "2025-01-01",
    "tipo": "inamovible",
    "nombre": "Año nuevo"
  },
  {
    "fecha": "2025-03-03",
    "tipo": "inamovible",
    "nombre": "Carnaval"
  },
  {
    "fecha": "2025-03-04",
    "tipo": "inamovible",
    "nombre": "Carnaval"
  },
  {
    "fecha": "2025-03-24",
    "tipo": "inamovible",
    "nombre": "Día Nacional de la Memoria por la Verdad y la Justicia"
  },
  {
    "fecha": "2025-04-02",
    "tipo": "inamovible",
    "nombre": "Día del Veterano y de los Caídos en la Guerra de Malvinas"
  },
  {
    "fecha": "2025-04-18",
    "tipo": "inamovible",
    "nombre": "Viernes Santo"
  },
  {
    "fecha": "2025-05-01",
    "tipo": "inamovible",
    "nombre": "Día del Trabajador"
  },
  {
    "fecha": "2025-05-02",
    "tipo": "puente",
    "nombre": "Puente turístico no laborable"
  },
  {
    "fecha": "2025-05-25",
    "tipo": "inamovible",
    "nombre": "Día de la Revolución de Mayo"
  },
  {
    "fecha": "2025-06-16",
    "tipo": "trasladable",
    "nombre": "Paso a la Inmortalidad del General Martín Güemes"
  },
  {
    "fecha": "2025-06-20",
    "tipo": "inamovible",
    "nombre": "Paso a la Inmortalidad del General Manuel Belgrano"
  },
  {
    "fecha": "2025-07-09",
    "tipo": "inamovible",
    "nombre": "Día de la Independencia"
  },
  {
    "fecha": "2025-08-15",
    "tipo": "puente",
    "nombre": "Puente turístico no laborable"
  },
  {
    "fecha": "2025-08-17",
    "tipo": "trasladable",
    "nombre": "Paso a la Inmortalidad del Gral. José de San Martín"
  },
  {
    "fecha": "2025-10-10",
    "tipo": "puente",
    "nombre": "Puente turístico no laborable"
  },
  {
    "fecha": "2025-10-12",
    "tipo": "trasladable",
    "nombre": "Día del Respeto a la Diversidad Cultural"
  },
  {
    "fecha": "2025-11-21",
    "tipo": "puente",
    "nombre": "Puente turístico no laborable"
  },
  {
    "fecha": "2025-11-24",
    "tipo": "trasladable",
    "nombre": "Día de la Soberanía Nacional"
  },
  {
    "fecha": "2025-12-08",
    "tipo": "inamovible",
    "nombre": "Día de la Inmaculada Concepción de María"
  },
  {
    "fecha": "2025-12-25",
    "tipo": "inamovible",
    "nombre": "Navidad"
  },
  {
    "fecha": "2026-01-01",
    "tipo": "inamovible",
    "nombre": "Año nuevo"
  },
  {
    "fecha": "2026-02-16",
    "tipo": "inamovible",
    "nombre": "Carnaval"
  },
  {
    "fecha": "2026-02-17",
    "tipo": "inamovible",
    "nombre": "Carnaval"
  },
  {
    "fecha": "2026-03-24",
    "tipo": "inamovible",
    "nombre": "Día Nacional de la Memoria por la Verdad y la Justicia"
  },
  {
    "fecha": "2026-04-02",
    "tipo": "inamovible",
    "nombre": "Día del Veterano y de los Caídos en la Guerra de Malvinas"
  },
  {
    "fecha": "2026-04-03",
    "tipo": "inamovible",
    "nombre": "Viernes Santo"
  },
  {
    "fecha": "2026-05-01",
    "tipo": "inamovible",
    "nombre": "Día del Trabajador"
  },
  {
    "fecha": "2026-05-25",
    "tipo": "inamovible",
    "nombre": "Día de la Revolución de Mayo"
  },
  {
    "fecha": "2026-06-17",
    "tipo": "trasladable",
    "nombre": "Paso a la Inmortalidad del General Martín Güemes"
  },
  {
    "fecha": "2026-06-20",
    "tipo": "inamovible",
    "nombre": "Paso a la Inmortalidad del General Manuel Belgrano"
  },
  {
    "fecha": "2026-07-09",
    "tipo": "inamovible",
    "nombre": "Día de la Independencia"
  },
  {
    "fecha": "2026-08-17",
    "tipo": "trasladable",
    "nombre": "Paso a la Inmortalidad del Gral. José de San Martín"
  },
  {
    "fecha": "2026-10-12",
    "tipo": "trasladable",
    "nombre": "Día del Respeto a la Diversidad Cultural"
  },
  {
    "fecha": "2026-11-20",
    "tipo": "trasladable",
    "nombre": "Día de la Soberanía Nacional"
  },
  {
    "fecha": "2026-12-08",
    "tipo": "inamovible",
    "nombre": "Día de la Inmaculada Concepción de María"
  },
  {
    "fecha": "2026-12-25",
    "tipo": "inamovible",
    "nombre": "Navidad"
  }
]
